BEGIN TRANSACTION;
CREATE TABLE IF NOT EXISTS "django_migrations" ("id" SERIAL  NOT NULL PRIMARY KEY, "app" varchar(255) NOT NULL, "name" varchar(255) NOT NULL, "applied" datetime NOT NULL);
INSERT INTO django_migrations VALUES(1,'contenttypes','0001_initial','2024-03-23 14:25:57.086178');
INSERT INTO django_migrations VALUES(2,'auth','0001_initial','2024-03-23 14:25:57.114393');
INSERT INTO django_migrations VALUES(3,'admin','0001_initial','2024-03-23 14:25:57.139567');
INSERT INTO django_migrations VALUES(4,'admin','0002_logentry_remove_auto_add','2024-03-23 14:25:57.161276');
INSERT INTO django_migrations VALUES(5,'admin','0003_logentry_add_action_flag_choices','2024-03-23 14:25:57.172639');
INSERT INTO django_migrations VALUES(6,'contenttypes','0002_remove_content_type_name','2024-03-23 14:25:57.197662');
INSERT INTO django_migrations VALUES(7,'auth','0002_alter_permission_name_max_length','2024-03-23 14:25:57.216617');
INSERT INTO django_migrations VALUES(8,'auth','0003_alter_user_email_max_length','2024-03-23 14:25:57.235961');
INSERT INTO django_migrations VALUES(9,'auth','0004_alter_user_username_opts','2024-03-23 14:25:57.248183');
INSERT INTO django_migrations VALUES(10,'auth','0005_alter_user_last_login_null','2024-03-23 14:25:57.269413');
INSERT INTO django_migrations VALUES(11,'auth','0006_require_contenttypes_0002','2024-03-23 14:25:57.277645');
INSERT INTO django_migrations VALUES(12,'auth','0007_alter_validators_add_error_messages','2024-03-23 14:25:57.292500');
INSERT INTO django_migrations VALUES(13,'auth','0008_alter_user_username_max_length','2024-03-23 14:25:57.314233');
INSERT INTO django_migrations VALUES(14,'auth','0009_alter_user_last_name_max_length','2024-03-23 14:25:57.331883');
INSERT INTO django_migrations VALUES(15,'auth','0010_alter_group_name_max_length','2024-03-23 14:25:57.351165');
INSERT INTO django_migrations VALUES(16,'auth','0011_update_proxy_permissions','2024-03-23 14:25:57.363228');
INSERT INTO django_migrations VALUES(17,'auth','0012_alter_user_first_name_max_length','2024-03-23 14:25:57.384149');
INSERT INTO django_migrations VALUES(18,'sessions','0001_initial','2024-03-23 14:25:57.404500');
INSERT INTO django_migrations VALUES(19,'profiles','0001_initial','2024-03-23 16:49:53.651897');
INSERT INTO django_migrations VALUES(20,'posts','0001_initial','2024-03-23 16:49:53.678468');
INSERT INTO django_migrations VALUES(21,'posts','0002_alter_post_options_photo','2024-03-24 19:33:10.331312');
CREATE TABLE IF NOT EXISTS "auth_group_permissions" ("id" SERIAL NOT NULL PRIMARY KEY, "group_id" integer NOT NULL REFERENCES "auth_group" ("id") DEFERRABLE INITIALLY DEFERRED, "permission_id" integer NOT NULL REFERENCES "auth_permission" ("id") DEFERRABLE INITIALLY DEFERRED);
CREATE TABLE IF NOT EXISTS "auth_user_groups" ("id" SERIAL NOT NULL PRIMARY KEY, "user_id" integer NOT NULL REFERENCES "auth_user" ("id") DEFERRABLE INITIALLY DEFERRED, "group_id" integer NOT NULL REFERENCES "auth_group" ("id") DEFERRABLE INITIALLY DEFERRED);
CREATE TABLE IF NOT EXISTS "auth_user_user_permissions" ("id" SERIAL NOT NULL PRIMARY KEY, "user_id" integer NOT NULL REFERENCES "auth_user" ("id") DEFERRABLE INITIALLY DEFERRED, "permission_id" integer NOT NULL REFERENCES "auth_permission" ("id") DEFERRABLE INITIALLY DEFERRED);
CREATE TABLE IF NOT EXISTS "django_admin_log" ("id" SERIAL NOT NULL PRIMARY KEY, "object_id" text NULL, "object_repr" varchar(200) NOT NULL, "action_flag" smallint unsigned NOT NULL CHECK ("action_flag" >= 0), "change_message" text NOT NULL, "content_type_id" integer NULL REFERENCES "django_content_type" ("id") DEFERRABLE INITIALLY DEFERRED, "user_id" integer NOT NULL REFERENCES "auth_user" ("id") DEFERRABLE INITIALLY DEFERRED, "action_time" datetime NOT NULL);
INSERT INTO django_admin_log VALUES(1,'1','profile of the user naguilar',1,'[{"added": {}}]',8,1,'2024-03-23 16:52:55.536606');
INSERT INTO django_admin_log VALUES(2,'2','testuser',1,'[{"added": {}}]',4,1,'2024-03-23 17:04:30.237712');
INSERT INTO django_admin_log VALUES(3,'2','testuser',2,'[]',4,1,'2024-03-23 17:04:42.435707');
INSERT INTO django_admin_log VALUES(4,'3','testuser2',1,'[{"added": {}}]',4,1,'2024-03-23 17:05:46.637442');
INSERT INTO django_admin_log VALUES(5,'3','testuser2',2,'[]',4,1,'2024-03-23 17:06:07.641397');
INSERT INTO django_admin_log VALUES(6,'1','post 1',1,'[{"added": {}}]',7,1,'2024-03-23 17:10:08.216874');
INSERT INTO django_admin_log VALUES(7,'2','post 2',1,'[{"added": {}}]',7,1,'2024-03-23 17:10:25.634910');
INSERT INTO django_admin_log VALUES(8,'3','post 3',1,'[{"added": {}}]',7,1,'2024-03-23 17:10:41.966166');
INSERT INTO django_admin_log VALUES(9,'4','post 4',1,'[{"added": {}}]',7,1,'2024-03-23 17:11:00.819057');
INSERT INTO django_admin_log VALUES(10,'5','post 5',1,'[{"added": {}}]',7,1,'2024-03-23 17:11:14.058646');
INSERT INTO django_admin_log VALUES(11,'6','post 6',1,'[{"added": {}}]',7,1,'2024-03-23 17:11:24.803558');
INSERT INTO django_admin_log VALUES(12,'2','post 2',2,'[{"changed": {"fields": ["Body"]}}]',7,1,'2024-03-23 17:11:57.611091');
INSERT INTO django_admin_log VALUES(13,'3','post 3',2,'[{"changed": {"fields": ["Body"]}}]',7,1,'2024-03-23 17:12:11.557440');
INSERT INTO django_admin_log VALUES(14,'4','post 4',2,'[{"changed": {"fields": ["Body"]}}]',7,1,'2024-03-23 17:12:15.965137');
INSERT INTO django_admin_log VALUES(15,'5','post 5',2,'[{"changed": {"fields": ["Body"]}}]',7,1,'2024-03-23 17:12:28.096606');
INSERT INTO django_admin_log VALUES(16,'5','post 5',2,'[]',7,1,'2024-03-23 17:12:31.654197');
INSERT INTO django_admin_log VALUES(17,'6','post 6',2,'[{"changed": {"fields": ["Body"]}}]',7,1,'2024-03-23 17:12:37.963777');
INSERT INTO django_admin_log VALUES(18,'1','post 1',2,'[]',7,1,'2024-03-23 17:12:41.021523');
INSERT INTO django_admin_log VALUES(19,'1','post 1',2,'[{"changed": {"fields": ["Liked"]}}]',7,1,'2024-03-23 19:58:24.501441');
INSERT INTO django_admin_log VALUES(20,'1','post 1',2,'[]',7,1,'2024-03-23 19:59:14.436999');
INSERT INTO django_admin_log VALUES(21,'1','post 1',2,'[{"changed": {"fields": ["Liked"]}}]',7,1,'2024-03-24 12:59:39.498493');
INSERT INTO django_admin_log VALUES(22,'2','post 2',2,'[{"changed": {"fields": ["Liked"]}}]',7,1,'2024-03-24 13:07:08.113878');
INSERT INTO django_admin_log VALUES(23,'1','post 1',2,'[{"changed": {"fields": ["Liked"]}}]',7,1,'2024-03-24 13:07:12.719645');
INSERT INTO django_admin_log VALUES(24,'3','post 3',2,'[]',7,1,'2024-03-24 13:07:20.217628');
INSERT INTO django_admin_log VALUES(25,'15','p2',2,'[{"changed": {"fields": ["Author"]}}]',7,1,'2024-03-24 16:57:37.059264');
INSERT INTO django_admin_log VALUES(26,'14','p1',2,'[{"changed": {"fields": ["Body"]}}]',7,1,'2024-03-24 16:57:55.500092');
INSERT INTO django_admin_log VALUES(27,'1','Photo object (1)',1,'[{"added": {}}]',9,1,'2024-03-24 19:35:00.105448');
INSERT INTO django_admin_log VALUES(28,'2','Photo object (2)',1,'[{"added": {}}]',9,1,'2024-03-24 19:35:19.120257');
INSERT INTO django_admin_log VALUES(29,'3','Photo object (3)',1,'[{"added": {}}]',9,1,'2024-03-24 19:35:30.578914');
INSERT INTO django_admin_log VALUES(30,'4','Photo object (4)',1,'[{"added": {}}]',9,1,'2024-03-24 19:35:37.003868');
INSERT INTO django_admin_log VALUES(31,'4','Photo object (4)',3,'',9,1,'2024-03-24 19:35:51.062275');
INSERT INTO django_admin_log VALUES(32,'15','p2',2,'[{"changed": {"fields": ["Author"]}}]',7,1,'2024-03-24 19:36:01.489166');
INSERT INTO django_admin_log VALUES(33,'1','profile of the user naguilar',2,'[{"changed": {"fields": ["Bio"]}}]',8,1,'2024-03-24 23:10:55.293610');
INSERT INTO django_admin_log VALUES(34,'36','asda',2,'[{"changed": {"fields": ["Author"]}}]',7,1,'2024-03-24 23:39:24.917764');
CREATE TABLE IF NOT EXISTS "django_content_type" ("id" SERIAL NOT NULL PRIMARY KEY, "app_label" varchar(100) NOT NULL, "model" varchar(100) NOT NULL);
INSERT INTO django_content_type VALUES(1,'admin','logentry');
INSERT INTO django_content_type VALUES(2,'auth','permission');
INSERT INTO django_content_type VALUES(3,'auth','group');
INSERT INTO django_content_type VALUES(4,'auth','user');
INSERT INTO django_content_type VALUES(5,'contenttypes','contenttype');
INSERT INTO django_content_type VALUES(6,'sessions','session');
INSERT INTO django_content_type VALUES(7,'posts','post');
INSERT INTO django_content_type VALUES(8,'profiles','profile');
INSERT INTO django_content_type VALUES(9,'posts','photo');
CREATE TABLE IF NOT EXISTS "auth_permission" ("id" SERIAL NOT NULL PRIMARY KEY, "content_type_id" integer NOT NULL REFERENCES "django_content_type" ("id") DEFERRABLE INITIALLY DEFERRED, "codename" varchar(100) NOT NULL, "name" varchar(255) NOT NULL);
INSERT INTO auth_permission VALUES(1,1,'add_logentry','Can add log entry');
INSERT INTO auth_permission VALUES(2,1,'change_logentry','Can change log entry');
INSERT INTO auth_permission VALUES(3,1,'delete_logentry','Can delete log entry');
INSERT INTO auth_permission VALUES(4,1,'view_logentry','Can view log entry');
INSERT INTO auth_permission VALUES(5,2,'add_permission','Can add permission');
INSERT INTO auth_permission VALUES(6,2,'change_permission','Can change permission');
INSERT INTO auth_permission VALUES(7,2,'delete_permission','Can delete permission');
INSERT INTO auth_permission VALUES(8,2,'view_permission','Can view permission');
INSERT INTO auth_permission VALUES(9,3,'add_group','Can add group');
INSERT INTO auth_permission VALUES(10,3,'change_group','Can change group');
INSERT INTO auth_permission VALUES(11,3,'delete_group','Can delete group');
INSERT INTO auth_permission VALUES(12,3,'view_group','Can view group');
INSERT INTO auth_permission VALUES(13,4,'add_user','Can add user');
INSERT INTO auth_permission VALUES(14,4,'change_user','Can change user');
INSERT INTO auth_permission VALUES(15,4,'delete_user','Can delete user');
INSERT INTO auth_permission VALUES(16,4,'view_user','Can view user');
INSERT INTO auth_permission VALUES(17,5,'add_contenttype','Can add content type');
INSERT INTO auth_permission VALUES(18,5,'change_contenttype','Can change content type');
INSERT INTO auth_permission VALUES(19,5,'delete_contenttype','Can delete content type');
INSERT INTO auth_permission VALUES(20,5,'view_contenttype','Can view content type');
INSERT INTO auth_permission VALUES(21,6,'add_session','Can add session');
INSERT INTO auth_permission VALUES(22,6,'change_session','Can change session');
INSERT INTO auth_permission VALUES(23,6,'delete_session','Can delete session');
INSERT INTO auth_permission VALUES(24,6,'view_session','Can view session');
INSERT INTO auth_permission VALUES(25,7,'add_post','Can add post');
INSERT INTO auth_permission VALUES(26,7,'change_post','Can change post');
INSERT INTO auth_permission VALUES(27,7,'delete_post','Can delete post');
INSERT INTO auth_permission VALUES(28,7,'view_post','Can view post');
INSERT INTO auth_permission VALUES(29,8,'add_profile','Can add profile');
INSERT INTO auth_permission VALUES(30,8,'change_profile','Can change profile');
INSERT INTO auth_permission VALUES(31,8,'delete_profile','Can delete profile');
INSERT INTO auth_permission VALUES(32,8,'view_profile','Can view profile');
INSERT INTO auth_permission VALUES(33,9,'add_photo','Can add photo');
INSERT INTO auth_permission VALUES(34,9,'change_photo','Can change photo');
INSERT INTO auth_permission VALUES(35,9,'delete_photo','Can delete photo');
INSERT INTO auth_permission VALUES(36,9,'view_photo','Can view photo');
CREATE TABLE IF NOT EXISTS "auth_group" ("id" SERIAL NOT NULL PRIMARY KEY, "name" varchar(150) NOT NULL UNIQUE);
CREATE TABLE IF NOT EXISTS "auth_user" ("id" SERIAL NOT NULL PRIMARY KEY, "password" varchar(128) NOT NULL, "last_login" datetime NULL, "is_superuser" bool NOT NULL, "username" varchar(150) NOT NULL UNIQUE, "last_name" varchar(150) NOT NULL, "email" varchar(254) NOT NULL, "is_staff" bool NOT NULL, "is_active" bool NOT NULL, "date_joined" datetime NOT NULL, "first_name" varchar(150) NOT NULL);
INSERT INTO auth_user VALUES(1,'pbkdf2_sha256$720000$VCP5SRH6Jd3gsBECYbYdGL$VG6ecJ/hbrko0KCYOSqnE4MFLfpJ0S4E1UTbmpckVec=','2024-04-05 17:41:41.430995',1,'naguilar','','',1,1,'2024-03-23 14:27:38.877617','');
INSERT INTO auth_user VALUES(2,'pbkdf2_sha256$720000$k5JwAEUgnKcQZBhwffaKSU$W04qBloecENvUB48gN2VDSmiWqneEhGIGEK1HMtS/TY=',NULL,0,'testuser','','',0,1,'2024-03-23 17:04:30','');
INSERT INTO auth_user VALUES(3,'pbkdf2_sha256$720000$cIU6hIDLzzend4IzDmYeEx$+nAv2oURbg0sVEU3Gd/1bJ6marK35+kkt7G9mpra4EE=',NULL,0,'testuser2','','',0,1,'2024-03-23 17:05:46','');
CREATE TABLE IF NOT EXISTS "django_session" ("session_key" varchar(40) NOT NULL PRIMARY KEY, "session_data" text NOT NULL, "expire_date" datetime NOT NULL);
INSERT INTO django_session VALUES('v2bnsdlx2sny016rm27b8yld0c2462yy','.eJxVjMsOwiAQRf-FtSEwRR4u3fcbyDCAVA0kpV0Z_11JutDtOefeF_O4b8XvPa1-iezCJDv9soD0SHWIeMd6a5xa3dYl8JHww3Y-t5ie16P9OyjYy3cNyoIWKEArZ03ITqLOedCoUVBykyQIQCobA4STNikDnfOkrIwCI3t_AMPhN5s:1ro2Oz:ZNO5PeyWCfNDm2zw05hAAKGrtvjlfG4Zj2bUFWvVWJg','2024-04-06 14:31:17.510738');
INSERT INTO django_session VALUES('k08zjo4dkh7hyg0bqkkuy5tkg3195vle','.eJxVjMsOwiAQRf-FtSEwRR4u3fcbyDCAVA0kpV0Z_11JutDtOefeF_O4b8XvPa1-iezCJDv9soD0SHWIeMd6a5xa3dYl8JHww3Y-t5ie16P9OyjYy3cNyoIWKEArZ03ITqLOedCoUVBykyQIQCobA4STNikDnfOkrIwCI3t_AMPhN5s:1roNRY:iRL9ttoW_0qXD8sNsvEdyrv7P8WjTPEiCRD6qMidAa4','2024-04-07 12:59:20.232439');
INSERT INTO django_session VALUES('4f38v9ik07wsfv3ymrry6j3ngrmo20mo','.eJxVjMsOwiAQRf-FtSEwRR4u3fcbyDCAVA0kpV0Z_11JutDtOefeF_O4b8XvPa1-iezCJDv9soD0SHWIeMd6a5xa3dYl8JHww3Y-t5ie16P9OyjYy3cNyoIWKEArZ03ITqLOedCoUVBykyQIQCobA4STNikDnfOkrIwCI3t_AMPhN5s:1roPtU:O9XnSy5GmhgnLmKsPCcqH35FCZ3vjsJASUxbDez5N-s','2024-04-07 15:36:20.733859');
INSERT INTO django_session VALUES('981hsdn44epnnp6dahm4qx0ay2235kqj','.eJxVjMsOwiAQRf-FtSEwRR4u3fcbyDCAVA0kpV0Z_11JutDtOefeF_O4b8XvPa1-iezCJDv9soD0SHWIeMd6a5xa3dYl8JHww3Y-t5ie16P9OyjYy3cNyoIWKEArZ03ITqLOedCoUVBykyQIQCobA4STNikDnfOkrIwCI3t_AMPhN5s:1roR6n:zzroKYbruaiFmQY28IjmnvoaubiuA-qVt5f2x5zJi6g','2024-04-07 16:54:09.338885');
INSERT INTO django_session VALUES('gxz1jf8le8rf8o5id92domaj0wsf9n5z','.eJxVjMsOwiAQRf-FtSEwRR4u3fcbyDCAVA0kpV0Z_11JutDtOefeF_O4b8XvPa1-iezCJDv9soD0SHWIeMd6a5xa3dYl8JHww3Y-t5ie16P9OyjYy3cNyoIWKEArZ03ITqLOedCoUVBykyQIQCobA4STNikDnfOkrIwCI3t_AMPhN5s:1roRW4:sQ5wo0bWDjR0JXZzSrlmnge1XqCWECMnfQDdpJuC_aM','2024-04-07 17:20:16.612505');
INSERT INTO django_session VALUES('4kxtv3cgj610edgnttl6n8z0tq8ey1wc','.eJxVjMsOwiAQRf-FtSEwRR4u3fcbyDCAVA0kpV0Z_11JutDtOefeF_O4b8XvPa1-iezCJDv9soD0SHWIeMd6a5xa3dYl8JHww3Y-t5ie16P9OyjYy3cNyoIWKEArZ03ITqLOedCoUVBykyQIQCobA4STNikDnfOkrIwCI3t_AMPhN5s:1roRnV:o6Htx9FWghpys_n1YuN5D62hrGqgbFz5DJtys91ps34','2024-04-07 17:38:17.076629');
INSERT INTO django_session VALUES('fm3tl9iqa8eb6rngc8v3x0pgxjysq4da','.eJxVjMsOwiAQRf-FtSEwRR4u3fcbyDCAVA0kpV0Z_11JutDtOefeF_O4b8XvPa1-iezCJDv9soD0SHWIeMd6a5xa3dYl8JHww3Y-t5ie16P9OyjYy3cNyoIWKEArZ03ITqLOedCoUVBykyQIQCobA4STNikDnfOkrIwCI3t_AMPhN5s:1roSvN:5GVwXC-xX-WGYoRnsNdxbeRtrS-Mp5v8jBGxKc4Xkcc','2024-04-07 18:50:29.112641');
INSERT INTO django_session VALUES('mrun6g3jbtaldnw7i99zdrzizdfnv6b8','.eJxVjMsOwiAQRf-FtSEwRR4u3fcbyDCAVA0kpV0Z_11JutDtOefeF_O4b8XvPa1-iezCJDv9soD0SHWIeMd6a5xa3dYl8JHww3Y-t5ie16P9OyjYy3cNyoIWKEArZ03ITqLOedCoUVBykyQIQCobA4STNikDnfOkrIwCI3t_AMPhN5s:1roU2a:EXLpExaRXZnx1jyBNqJw2n6xvM5Y35g26-RZInYLmGU','2024-04-07 20:02:00.538929');
INSERT INTO django_session VALUES('xgrjsmd6uq7agb0pvrvjt35mjro8741v','.eJxVjMsOwiAQRf-FtSEwRR4u3fcbyDCAVA0kpV0Z_11JutDtOefeF_O4b8XvPa1-iezCJDv9soD0SHWIeMd6a5xa3dYl8JHww3Y-t5ie16P9OyjYy3cNyoIWKEArZ03ITqLOedCoUVBykyQIQCobA4STNikDnfOkrIwCI3t_AMPhN5s:1roUGG:ikYMjmQIA-dqEw8K-9gi40RM0Wwsn4LiVjQW5gTyx7k','2024-04-07 20:16:08.284460');
INSERT INTO django_session VALUES('eaqb03poo2rpbmiz41lyoh1vzhr6y3qa','.eJxVjMsOwiAQRf-FtSEwRR4u3fcbyDCAVA0kpV0Z_11JutDtOefeF_O4b8XvPa1-iezCJDv9soD0SHWIeMd6a5xa3dYl8JHww3Y-t5ie16P9OyjYy3cNyoIWKEArZ03ITqLOedCoUVBykyQIQCobA4STNikDnfOkrIwCI3t_AMPhN5s:1roXVG:Ce-A4gXHZxFG2EOdndMMSeAIAQnP9uvDF8tJIni4Qjk','2024-04-07 23:43:50.888272');
INSERT INTO django_session VALUES('jp46x84gg60qp40qcvu1bd2o4aej1ip5','.eJxVjMsOwiAQRf-FtSEwRR4u3fcbyDCAVA0kpV0Z_11JutDtOefeF_O4b8XvPa1-iezCJDv9soD0SHWIeMd6a5xa3dYl8JHww3Y-t5ie16P9OyjYy3cNyoIWKEArZ03ITqLOedCoUVBykyQIQCobA4STNikDnfOkrIwCI3t_AMPhN5s:1roY8k:6zflLl8GHgaYDawvv_fm4DAQnJl3Ur8eGTTMFPD8vzs','2024-04-08 00:24:38.122182');
INSERT INTO django_session VALUES('8vf64rma1dvpfhdfi7r2lmmxf7y9of41','.eJxVjMsOwiAQRf-FtSEwRR4u3fcbyDCAVA0kpV0Z_11JutDtOefeF_O4b8XvPa1-iezCJDv9soD0SHWIeMd6a5xa3dYl8JHww3Y-t5ie16P9OyjYy3cNyoIWKEArZ03ITqLOedCoUVBykyQIQCobA4STNikDnfOkrIwCI3t_AMPhN5s:1roYAs:jIR9tLw3eFViW1_OsGk2Ld2pTIjOiVtyS-y75a-qsDg','2024-04-08 00:26:50.031153');
INSERT INTO django_session VALUES('3q9ds334lfgesjzqkyc7iorq8vqffikk','.eJxVjMsOwiAQRf-FtSEwRR4u3fcbyDCAVA0kpV0Z_11JutDtOefeF_O4b8XvPa1-iezCJDv9soD0SHWIeMd6a5xa3dYl8JHww3Y-t5ie16P9OyjYy3cNyoIWKEArZ03ITqLOedCoUVBykyQIQCobA4STNikDnfOkrIwCI3t_AMPhN5s:1rp6EU:d-OlLnBVqCiUsqWvNCBS9KIH-UXc2oCb_mozqUvqfiE','2024-04-09 12:48:50.548004');
INSERT INTO django_session VALUES('xq7d8nccujlgh57my9yvff4nkwpry9h8','.eJxVjMsOwiAQRf-FtSEwRR4u3fcbyDCAVA0kpV0Z_11JutDtOefeF_O4b8XvPa1-iezCJDv9soD0SHWIeMd6a5xa3dYl8JHww3Y-t5ie16P9OyjYy3cNyoIWKEArZ03ITqLOedCoUVBykyQIQCobA4STNikDnfOkrIwCI3t_AMPhN5s:1rp7oX:gPv9gQvfYEQIph4MZ_8L3_9IkIcIwjOxNCtnJHMjlPA','2024-04-09 14:30:09.503192');
INSERT INTO django_session VALUES('tizz5wr2j983flygrz6eq3wcw813f06f','.eJxVjMsOwiAQRf-FtSEwRR4u3fcbyDCAVA0kpV0Z_11JutDtOefeF_O4b8XvPa1-iezCJDv9soD0SHWIeMd6a5xa3dYl8JHww3Y-t5ie16P9OyjYy3cNyoIWKEArZ03ITqLOedCoUVBykyQIQCobA4STNikDnfOkrIwCI3t_AMPhN5s:1rsnZN:OkmrLtBOpBZxHwE_v_uH-N34vQPL9xn9KEaSmSK00SU','2024-04-19 17:41:41.441905');
CREATE TABLE IF NOT EXISTS "profiles_profile" ("id" SERIAL NOT NULL PRIMARY KEY, "bio" text NOT NULL, "avatar" varchar(100) NOT NULL, "updated" datetime NOT NULL, "created" datetime NOT NULL, "user_id" integer NOT NULL UNIQUE REFERENCES "auth_user" ("id") DEFERRABLE INITIALLY DEFERRED);
INSERT INTO profiles_profile VALUES(1,'some bio....','avatars/ship-952292_1280.jpg','2024-03-24 23:24:08.201345','2024-03-23 16:52:55.518619',1);
INSERT INTO profiles_profile VALUES(2,'','avatar.png','2024-03-23 17:04:30.236242','2024-03-23 17:04:30.236265',2);
INSERT INTO profiles_profile VALUES(3,'','avatar.png','2024-03-23 17:05:46.636084','2024-03-23 17:05:46.636109',3);
CREATE TABLE IF NOT EXISTS "posts_post" ("id" SERIAL NOT NULL PRIMARY KEY, "title" varchar(200) NOT NULL, "body" text NOT NULL, "updated" datetime NOT NULL, "created" datetime NOT NULL, "author_id" bigint NOT NULL REFERENCES "profiles_profile" ("id") DEFERRABLE INITIALLY DEFERRED);
INSERT INTO posts_post VALUES(2,'post 2','description of post 2','2024-03-24 13:07:08.092725','2024-03-23 17:10:25.616062',1);
INSERT INTO posts_post VALUES(3,'post 3','description of post 3','2024-03-24 13:07:20.198769','2024-03-23 17:10:41.947092',1);
INSERT INTO posts_post VALUES(4,'post 4','description of post 4','2024-03-23 17:12:15.961178','2024-03-23 17:11:00.800018',1);
INSERT INTO posts_post VALUES(5,'post 5','description of post 5','2024-03-23 17:12:31.650417','2024-03-23 17:11:14.039941',1);
INSERT INTO posts_post VALUES(6,'post 6','description of post 6','2024-03-23 17:12:37.958530','2024-03-23 17:11:24.784470',1);
INSERT INTO posts_post VALUES(7,'Test post','Test body post','2024-03-24 15:14:08.596699','2024-03-24 15:14:08.596722',1);
INSERT INTO posts_post VALUES(8,'Test post 2','Test body post 2','2024-03-24 15:18:45.497101','2024-03-24 15:18:45.497122',1);
INSERT INTO posts_post VALUES(9,'Test post 3','test body post 3','2024-03-24 15:22:53.319571','2024-03-24 15:22:53.319589',1);
INSERT INTO posts_post VALUES(13,'post','body','2024-03-24 15:39:10.620970','2024-03-24 15:39:10.620991',1);
INSERT INTO posts_post VALUES(15,'p2','b2','2024-03-24 19:36:01.484609','2024-03-24 15:40:31.254531',1);
INSERT INTO posts_post VALUES(17,'a','a','2024-03-24 20:15:17.937224','2024-03-24 20:15:17.937245',1);
INSERT INTO posts_post VALUES(18,'c','c','2024-03-24 20:19:22.398409','2024-03-24 20:19:22.398431',1);
INSERT INTO posts_post VALUES(20,'sailing','sailing description','2024-03-24 20:32:36.850997','2024-03-24 20:32:36.851016',1);
INSERT INTO posts_post VALUES(22,'sailing','sailing','2024-03-24 20:33:25.273674','2024-03-24 20:33:25.273711',1);
INSERT INTO posts_post VALUES(23,'sailing','sailing','2024-03-24 20:33:39.294376','2024-03-24 20:33:39.294391',1);
INSERT INTO posts_post VALUES(26,'w','w','2024-03-24 20:36:31.786770','2024-03-24 20:36:31.786789',1);
INSERT INTO posts_post VALUES(28,'111','111','2024-03-24 20:51:46.396075','2024-03-24 20:51:46.396145',1);
INSERT INTO posts_post VALUES(29,'11212','sddad','2024-03-24 21:05:11.909854','2024-03-24 21:05:11.909875',1);
INSERT INTO posts_post VALUES(30,'333','333','2024-03-24 21:05:30.054934','2024-03-24 21:05:30.054952',1);
INSERT INTO posts_post VALUES(36,'asda','wdawdaw','2024-03-24 23:39:24.899529','2024-03-24 21:08:57.507292',2);
CREATE TABLE IF NOT EXISTS "posts_post_liked" ("id" SERIAL NOT NULL PRIMARY KEY, "post_id" bigint NOT NULL REFERENCES "posts_post" ("id") DEFERRABLE INITIALLY DEFERRED, "user_id" integer NOT NULL REFERENCES "auth_user" ("id") DEFERRABLE INITIALLY DEFERRED);
INSERT INTO posts_post_liked VALUES(2,2,2);
INSERT INTO posts_post_liked VALUES(3,2,3);
INSERT INTO posts_post_liked VALUES(12,15,1);
CREATE TABLE IF NOT EXISTS "posts_photo" ("id" SERIAL NOT NULL PRIMARY KEY, "image" varchar(100) NOT NULL, "created" datetime NOT NULL, "post_id" bigint NOT NULL REFERENCES "posts_post" ("id") DEFERRABLE INITIALLY DEFERRED);
INSERT INTO posts_photo VALUES(1,'photos/flower-8376030_1280.jpg','2024-03-24 19:35:00.087397',15);
INSERT INTO posts_photo VALUES(2,'photos/woman-8602128_1280.png','2024-03-24 19:35:19.116476',15);
INSERT INTO posts_photo VALUES(3,'photos/escalator-8229360_1280.jpg','2024-03-24 19:35:30.573827',15);
INSERT INTO posts_photo VALUES(5,'photos/ship-952292_1280.jpg','2024-03-24 20:32:40.162037',20);
INSERT INTO posts_photo VALUES(6,'photos/ship-952292_1280_gzCxm9M.jpg','2024-03-24 20:33:27.902011',22);
INSERT INTO posts_photo VALUES(7,'photos/dachshund-8120554_1280_wSDabmp.jpg','2024-03-24 20:33:35.884439',22);
INSERT INTO posts_photo VALUES(10,'photos/ship-952292_1280_UGGUvFi.jpg','2024-03-24 20:36:36.488816',26);
INSERT INTO posts_photo VALUES(11,'photos/dachshund-8120554_1280_8AFwhqM.jpg','2024-03-24 20:36:39.117931',26);
INSERT INTO posts_photo VALUES(13,'photos/woman-8602128_1280_rMS99MR.png','2024-03-24 21:01:07.325513',28);
INSERT INTO posts_photo VALUES(14,'photos/woman-8602128_1280_0GFOjqP.png','2024-03-24 21:01:10.334544',28);
INSERT INTO posts_photo VALUES(15,'photos/woman-8602128_1280_6ZMEieY.png','2024-03-24 21:01:12.445964',28);
INSERT INTO posts_photo VALUES(16,'photos/woman-8602128_1280_6uW4Vhz.png','2024-03-24 21:05:35.240054',30);
DELETE FROM sqlite_sequence;
INSERT INTO sqlite_sequence VALUES('django_migrations',21);
INSERT INTO sqlite_sequence VALUES('django_admin_log',34);
INSERT INTO sqlite_sequence VALUES('django_content_type',9);
INSERT INTO sqlite_sequence VALUES('auth_permission',36);
INSERT INTO sqlite_sequence VALUES('auth_group',0);
INSERT INTO sqlite_sequence VALUES('auth_user',3);
INSERT INTO sqlite_sequence VALUES('profiles_profile',3);
INSERT INTO sqlite_sequence VALUES('posts_post',36);
INSERT INTO sqlite_sequence VALUES('posts_post_liked',13);
INSERT INTO sqlite_sequence VALUES('posts_photo',17);
CREATE UNIQUE INDEX "auth_group_permissions_group_id_permission_id_0cd325b0_uniq" ON "auth_group_permissions" ("group_id", "permission_id");
CREATE INDEX "auth_group_permissions_group_id_b120cbf9" ON "auth_group_permissions" ("group_id");
CREATE INDEX "auth_group_permissions_permission_id_84c5c92e" ON "auth_group_permissions" ("permission_id");
CREATE UNIQUE INDEX "auth_user_groups_user_id_group_id_94350c0c_uniq" ON "auth_user_groups" ("user_id", "group_id");
CREATE INDEX "auth_user_groups_user_id_6a12ed8b" ON "auth_user_groups" ("user_id");
CREATE INDEX "auth_user_groups_group_id_97559544" ON "auth_user_groups" ("group_id");
CREATE UNIQUE INDEX "auth_user_user_permissions_user_id_permission_id_14a6b632_uniq" ON "auth_user_user_permissions" ("user_id", "permission_id");
CREATE INDEX "auth_user_user_permissions_user_id_a95ead1b" ON "auth_user_user_permissions" ("user_id");
CREATE INDEX "auth_user_user_permissions_permission_id_1fbb5f2c" ON "auth_user_user_permissions" ("permission_id");
CREATE INDEX "django_admin_log_content_type_id_c4bce8eb" ON "django_admin_log" ("content_type_id");
CREATE INDEX "django_admin_log_user_id_c564eba6" ON "django_admin_log" ("user_id");
CREATE UNIQUE INDEX "django_content_type_app_label_model_76bd3d3b_uniq" ON "django_content_type" ("app_label", "model");
CREATE UNIQUE INDEX "auth_permission_content_type_id_codename_01ab375a_uniq" ON "auth_permission" ("content_type_id", "codename");
CREATE INDEX "auth_permission_content_type_id_2f476e4b" ON "auth_permission" ("content_type_id");
CREATE INDEX "django_session_expire_date_a5c62663" ON "django_session" ("expire_date");
CREATE INDEX "posts_post_author_id_fe5487bf" ON "posts_post" ("author_id");
CREATE UNIQUE INDEX "posts_post_liked_post_id_user_id_98730428_uniq" ON "posts_post_liked" ("post_id", "user_id");
CREATE INDEX "posts_post_liked_post_id_05d3558f" ON "posts_post_liked" ("post_id");
CREATE INDEX "posts_post_liked_user_id_0a7683da" ON "posts_post_liked" ("user_id");
CREATE INDEX "posts_photo_post_id_4b33f359" ON "posts_photo" ("post_id");
COMMIT;
